Original_Qualification,Mapped_Category
"""O"" Levels",Secondary Education
"(High School Diploma,Bachelor)",Higher Education
"(High School Diploma,Bachelor,Masters,PhD)",Higher Education
"(Vocational Classes,Work training,High School Diploma)",Professional/Vocational
(vocational training),Professional/Vocational
+2 (Higher Secondary,Secondary Education
-,No/Other Qualification
/,No/Other Qualification
0-level,Secondary Education
0-levels,Secondary Education
1 year PG,No/Other Qualification
1 year college,Professional/Vocational
1. Staatsexamen,No/Other Qualification
10,No/Other Qualification
10th,No/Other Qualification
10th Grade,Secondary Education
10th grade,Secondary Education
11+,No/Other Qualification
11th grade,Secondary Education
12,No/Other Qualification
12th,No/Other Qualification
12th + Diploma,Secondary Education
12th Grade,Secondary Education
12th Pass,No/Other Qualification
12th class,No/Other Qualification
12th grade,Secondary Education
2,No/Other Qualification
2 Ausbildungen,No/Other Qualification
2 Bachelor's,Higher Education
2 Indian school?,No/Other Qualification
2 Staatsexamen,No/Other Qualification
2 Years of College,Professional/Vocational
2 diplomas,Secondary Education
2 years college,Professional/Vocational
2. Staatsexamen,No/Other Qualification
2nd year university,Higher Education
3 years University,Higher Education
3 years certificate railways,Professional/Vocational
3 years uni,No/Other Qualification
3rd grade,Secondary Education
3rd level,Secondary Education
3rd year High School,Secondary Education
4th grade,Secondary Education
4th secondary of High School,Secondary Education
4th year HS,No/Other Qualification
5 years training/ guilds,Work-Based Learning
5th,No/Other Qualification
5th form,Secondary Education
"6 O-Levels, 1 A-Level",Secondary Education
6 years in school,No/Other Qualification
6th classes,No/Other Qualification
6th form,Secondary Education
6th grade,Secondary Education
7 years of school,No/Other Qualification
7th grade,Secondary Education
8,No/Other Qualification
8 years in school,No/Other Qualification
8th,No/Other Qualification
8th Grade,Secondary Education
8th grade,Secondary Education
9 year,No/Other Qualification
9th Grade,Secondary Education
9th grade,Secondary Education
?,No/Other Qualification
?2-1? Latin Honours,No/Other Qualification
???,No/Other Qualification
?Colonel US Army,No/Other Qualification
?Law Degree?,Higher Education
A,No/Other Qualification
A  levels,Secondary Education
A GCSE,Secondary Education
A Level,Secondary Education
A Levels,Secondary Education
"A Levels, ongoing Bachelor",Higher Education
A level,Secondary Education
A levels,Secondary Education
A'Level,Secondary Education
A'Levels,Secondary Education
A*,No/Other Qualification
"A, S (English)",No/Other Qualification
A-Level,Secondary Education
A-Level's,Secondary Education
A-Levels,Secondary Education
"A-Levels
(Post-
Secondary)",Secondary Education
"A-Levels
Undergraduate",Higher Education
A-Levels in general studies,Secondary Education
"A-Levels, Bachelor, Master's",Higher Education
"A-Levels, O-Levels",Secondary Education
"A-Levels, Ships Master Ticket",Higher Education
A-level,Secondary Education
A-level standard,Secondary Education
A-levels,Secondary Education
A-levels and qualification in quantity surveying,Secondary Education
"A-levels, university",Higher Education
AA,No/Other Qualification
AA / Vocational,Professional/Vocational
AAT-A-Levels,Secondary Education
ABC,No/Other Qualification
ACCA,Professional/Vocational
ACI Dealing Certificate,Professional/Vocational
"ACIB
(Banking)",No/Other Qualification
ACII,No/Other Qualification
ADN,No/Other Qualification
AFS (UK),No/Other Qualification
AIB,No/Other Qualification
ALA (Associate of the Library Association),No/Other Qualification
APOC,No/Other Qualification
ARAD Royal Academy of Dancing,No/Other Qualification
AS/ A-Levels,Secondary Education
"AS; licensed massage therapist, esthetician",Professional/Vocational
Abitur,Secondary Education
Abitur (FOS),Secondary Education
Abitur (Irak),Secondary Education
Abitur + Work Training,Work-Based Learning
"Abitur, Bachelor",Higher Education
"Abitur, Bachelor, Masters",Higher Education
"Abitur, Staatsexamen",Secondary Education
"Abitur, Staatsexamen (LA Gym English, History, Religion)",Secondary Education
"Abitur, Staatsexamen (LA Gym English/History)",Secondary Education
"Abitur, Vocational classes (foreign language correspondent English/French), Staatsexamen (Lehramt)",Professional/Vocational
"Abitur, work training (foreign language correspondent in English)",Work-Based Learning
"Abitur, work training, vocational classes",Professional/Vocational
Abitur/Ausbildung,Secondary Education
Abiur,No/Other Qualification
Accountant,No/Other Qualification
Accountant training,Work-Based Learning
"Accountant, pharmacy assistant",No/Other Qualification
Accounting,No/Other Qualification
Administrator,No/Other Qualification
"Advanced
Level",Secondary Education
Advanced Diploma,Secondary Education
Advanced Higher,Secondary Education
"Advanced Higher, Master's",Higher Education
Advanced Level,Secondary Education
Advanced Level Qualification,Secondary Education
Advanced Levels,Secondary Education
Advanced diploma,Secondary Education
Advanced higher,Secondary Education
Advanced level exams,Secondary Education
Agricultural degree,Higher Education
Aircraft Tech Exams,No/Other Qualification
Analphabet,No/Other Qualification
Anasthesia,No/Other Qualification
Appenticeship Engineering,No/Other Qualification
Apprentice,Work-Based Learning
Apprenticeship,Work-Based Learning
"Apprenticeship
Bachelor",Higher Education
Apprenticeship (Higher ? in land ? University of Malta),Higher Education
Apprenticeship (Plumber),Work-Based Learning
Apprenticeship (advanced diploma in business),Work-Based Learning
Apprenticeship (beauty therapist / makeup artist),Work-Based Learning
Apprenticeship (chef),Work-Based Learning
Apprenticeship (trade school),Work-Based Learning
Apprenticeship Social work,Work-Based Learning
Apprenticeship as Auto Electrician,Work-Based Learning
Apprenticeship at retail),Work-Based Learning
Apprenticeship interior designer,Work-Based Learning
"Apprenticeship, Secondary school",Work-Based Learning
Apprenticeship: Finance and Insurance,Work-Based Learning
Apprenticeship: nurse,Work-Based Learning
Apprenticeship: saleswoman,Work-Based Learning
Apprenticeship: technical education,Professional/Vocational
Apprenticeship; Bachelor,Higher Education
Apprenticeship; Master's,Higher Education
Apprenticeships,Work-Based Learning
Architect,No/Other Qualification
Architecture degree,Higher Education
Architekt,No/Other Qualification
Army,No/Other Qualification
Army sergeant,No/Other Qualification
Art,No/Other Qualification
Art School/University,Higher Education
Art and Design,No/Other Qualification
Art degree,Higher Education
Art-history major,No/Other Qualification
Artisan,No/Other Qualification
Assistant Nurse,No/Other Qualification
Associate,No/Other Qualification
Associate Degree,Higher Education
Associate degree,Higher Education
Associate degree nursing,Higher Education
Associate's Degree,Higher Education
Associate's degree,Higher Education
"Associate's degree, part of Bachelor's",Higher Education
Associated degree,Higher Education
Associates,No/Other Qualification
Associates Degree,Higher Education
Associates Degree Business,Higher Education
Associates degree,Higher Education
Association of Science,No/Other Qualification
Auditor,No/Other Qualification
Aus-/Weiterbilldung,No/Other Qualification
Ausbildung,No/Other Qualification
Ausbildung (Industriekauffrau),No/Other Qualification
Ausbildung Fotolaborantin,No/Other Qualification
Ausbildung IT- Specialist,No/Other Qualification
B Communication General,No/Other Qualification
B.A.,No/Other Qualification
B.A. (Political Science),No/Other Qualification
"B.A., B.Ed.",No/Other Qualification
B.Com.,No/Other Qualification
B.Ed.,No/Other Qualification
B.S.,No/Other Qualification
B.S. College Degree,Higher Education
B.S. of Electrical Engineering,No/Other Qualification
B.S.E.,No/Other Qualification
B.Sc.,No/Other Qualification
BA,No/Other Qualification
BA (Hons),Higher Education
BA (hons),Higher Education
BA (house drawing/painting),Higher Education
BA - Fine Art,Higher Education
BA Economics,Higher Education
BA Engineering,Higher Education
BA History,Higher Education
BA LIB,Higher Education
BA Natural Sciences,Higher Education
BA PGCE,Higher Education
BA degree,Higher Education
BA honours,Higher Education
BA in Accountability (accountancy??),Higher Education
BA in Marketing,Higher Education
BA of Education,Higher Education
BA/MA (Dipl),No/Other Qualification
BA/PGCE,Higher Education
BBA,No/Other Qualification
BDS,No/Other Qualification
BENG,No/Other Qualification
BS,No/Other Qualification
BS Electrical engineering,No/Other Qualification
BSC,Higher Education
BSC's honours,Higher Education
BSc,Higher Education
BSc (Bachelor),Higher Education
BSc Honors Degree,Higher Education
BSc Honours,Higher Education
BSc Honours Degree,Higher Education
"BSc, Master's",Higher Education
BT Manager,No/Other Qualification
BTEC,Professional/Vocational
BTEC National Diploma Dental Technician,Professional/Vocational
BWL University Graduate,Higher Education
Babysitter,No/Other Qualification
Bachelor,Higher Education
"Bachelor
CELTA",Higher Education
"Bachelor (, Cambridge Business Diploma, IELTS 8.5)",Higher Education
Bachelor (Accountancy),Higher Education
Bachelor (Actuarial Science),Higher Education
Bachelor (BA),Higher Education
Bachelor (Business and IT),Higher Education
Bachelor (Chemical Engineering),Higher Education
Bachelor (Communication),Higher Education
Bachelor (Doctor of Law (ongoing)),Higher Education
Bachelor (Education),Higher Education
Bachelor (Hospitality and tourism),Higher Education
Bachelor (Industrial Engineering),Higher Education
Bachelor (LLB. Hons. II),Higher Education
Bachelor (Nursing),Higher Education
Bachelor (Textile Design),Higher Education
Bachelor (in progress),Higher Education
Bachelor (of Laws),Higher Education
Bachelor (of Science),Higher Education
Bachelor (ongoing),Higher Education
Bachelor (post-graduate diploma),Higher Education
"Bachelor (sixth year studies, Physics degree)",Higher Education
Bachelor (specialist in Food Technology),Higher Education
Bachelor - Primary School teaching,Higher Education
Bachelor Degree,Higher Education
Bachelor Hon.,Higher Education
Bachelor Medicine,Higher Education
Bachelor Professional of Business (CCI),Higher Education
Bachelor degree,Higher Education
Bachelor engineering,Higher Education
Bachelor of Arts,Higher Education
Bachelor of Communication and Psychology,Higher Education
Bachelor of Divinity,Higher Education
Bachelor of Education,Higher Education
Bachelor of Law,Higher Education
Bachelor of Laws,Higher Education
Bachelor of Science,Higher Education
Bachelor of commerce,Higher Education
Bachelor of education,Higher Education
Bachelor of science,Higher Education
Bachelor ongoing,Higher Education
Bachelor's,Higher Education
Bachelor's Degree,Higher Education
Bachelor's degree,Higher Education
"Bachelor, A-Levels, GCSE's",Higher Education
"Bachelor, Master's",Higher Education
"Bachelor, Master's (P. G. C. E.)",Higher Education
"Bachelor, Master's, Highest level secondary school (Highers)",Higher Education
"Bachelor, Master's, PhD",Higher Education
"Bachelor, Masters",Higher Education
"Bachelor, Other (ACA, HDIPED)",Higher Education
"Bachelor, Other (Teacher training college)",Higher Education
"Bachelor, PGCE",Higher Education
"Bachelor, PhD",Higher Education
"Bachelor, Teacher Training",Higher Education
"Bachelor, Vocational classes (Mechanic)",Higher Education
"Bachelor, diploma",Higher Education
"Bachelor, matricualation certificate",Higher Education
"Bachelor, other (CIPD Chartered Member)",Higher Education
"Bachelor, other (Diploma Archive Administration)",Higher Education
"Bachelor, other (Post Graduate Diploma)",Higher Education
"Bachelor, other (postgraduate certificate)",Higher Education
"Bachelor, work training (Recruitment Certificate)",Higher Education
Bachelor/MT,Higher Education
Bachelor: BsC Earth Systems,Higher Education
Bachelor: European studies and Italian,Higher Education
Bachelor: Philosophy and Economics,Higher Education
Bachelor: medical  course MD,Higher Education
Bachelor; Master's,Higher Education
Bachelors,Higher Education
Bachelors Degree,Higher Education
Bachelors degree,Higher Education
"Bachelors, history",Higher Education
Bacherlor,No/Other Qualification
Bachillerato,No/Other Qualification
Bachlor,No/Other Qualification
Bank clerk,No/Other Qualification
Banker,No/Other Qualification
Banking,No/Other Qualification
Banking Certificate,Professional/Vocational
Banking examinations,No/Other Qualification
Bankkauffrau,No/Other Qualification
Barber,No/Other Qualification
Barts,No/Other Qualification
Basic education,No/Other Qualification
Bawer,No/Other Qualification
Beautician,No/Other Qualification
Beautician degree,Higher Education
Berufsausbildung,No/Other Qualification
Betreuungsassistentin,No/Other Qualification
Bigi School of restoration,No/Other Qualification
Bio-Chemistry Degree,Higher Education
Biology Degree,Higher Education
Bmed,No/Other Qualification
"Boarding School, St. Helier Girls'",No/Other Qualification
Btec National Diploma Media,Professional/Vocational
Bus driver,No/Other Qualification
Business B Tec,No/Other Qualification
Business School,No/Other Qualification
Business Studies Degree,Higher Education
Business college,Professional/Vocational
Business/Economics,No/Other Qualification
Businessman,No/Other Qualification
CA,No/Other Qualification
CAA Qualified,Professional/Vocational
CBT Therapist,No/Other Qualification
CCIM,No/Other Qualification
CELTA,No/Other Qualification
CIMA,No/Other Qualification
COD,No/Other Qualification
CPA,No/Other Qualification
CSCs,No/Other Qualification
CSE,Secondary Education
CSEs,Secondary Education
CT and G,No/Other Qualification
Cadetship,No/Other Qualification
Capitan,No/Other Qualification
Care manager,No/Other Qualification
Carer,No/Other Qualification
Carpenter,No/Other Qualification
Cashier,No/Other Qualification
Caterer,No/Other Qualification
Catering,No/Other Qualification
Catering HND,Professional/Vocational
Catering school,No/Other Qualification
Certificate,Professional/Vocational
Certificate in Education,Professional/Vocational
Certificate in Secriterial & Administrative Studies,Professional/Vocational
Certificate in Tourism Studies,Professional/Vocational
Certificate of Education,Professional/Vocational
Certificate of Higher Education,Professional/Vocational
Certification,Professional/Vocational
Certified Public Accountant,No/Other Qualification
Charted accountant,No/Other Qualification
Chef,No/Other Qualification
Chemistry Engineer,No/Other Qualification
"Child protection, referee",No/Other Qualification
City & Guilds,No/Other Qualification
City & Guilds (Floristry),No/Other Qualification
City + Guilds Telecoms,No/Other Qualification
City and ...,No/Other Qualification
City and Guilds,Professional/Vocational
City and guilds,Professional/Vocational
Civil Engineer,No/Other Qualification
Civil Service Examination,No/Other Qualification
Clerk,No/Other Qualification
College,Professional/Vocational
College Course,Professional/Vocational
College Degree,Higher Education
College Diploma,Professional/Vocational
College NC,Professional/Vocational
College certificate,Professional/Vocational
College degree,Higher Education
College diploma,Professional/Vocational
College qualification,Professional/Vocational
College student,Professional/Vocational
Collge Degree,Higher Education
Comapny's Chief Financial Officier,No/Other Qualification
Commerce degree,Higher Education
"Completed
Secondary
School",Secondary Education
Completed High School,Secondary Education
Completed Work Training as Bank Assistant,Work-Based Learning
Completed vocational training,Professional/Vocational
Compliance,No/Other Qualification
Computer Technician,No/Other Qualification
Conservatory,No/Other Qualification
Consultant,No/Other Qualification
Contractor,No/Other Qualification
Corporal British Forces,No/Other Qualification
Counselor,No/Other Qualification
Course in Doctor of Medicine and Surgery,Higher Education
Courses,No/Other Qualification
Cpa,No/Other Qualification
Credit/Standard grade,Secondary Education
D.Ed,No/Other Qualification
DD Training,Work-Based Learning
DDR,No/Other Qualification
DMD,No/Other Qualification
Degree,Higher Education
Degree (Bachelor),Higher Education
Degree (Occupational Therapy),Higher Education
Degree Accountant,Higher Education
Degree Assoc.,Higher Education
Degree Graphic Design/Illustration,Higher Education
Degree Law,Higher Education
Degree Optometry,Higher Education
Degree at I TS,Higher Education
"Degree from
Montesouri",Higher Education
Degree in Medicine,Higher Education
Degree in Professional Teaching,Higher Education
Degree in Psychology,Higher Education
Degree in Software,Higher Education
Degree in Teaching,Higher Education
Degree in health and social care,Higher Education
Degree in marketing,Higher Education
Degree in social sciences,Higher Education
Degree level,Higher Education
Dental Degree,Higher Education
Dental hygienist,No/Other Qualification
Dentist,No/Other Qualification
Department Stores,No/Other Qualification
Diegree mechanical engineer,No/Other Qualification
Dietician,No/Other Qualification
Dip.MGT Studies,No/Other Qualification
Dipl. Designer,No/Other Qualification
Dipl. Ing.,No/Other Qualification
Dipl. Ing. Architect,No/Other Qualification
Dipl. Ingenieur,No/Other Qualification
Dipl. Päd.,No/Other Qualification
Dipl. phys.,No/Other Qualification
Diplom,No/Other Qualification
Diplom (Engineering),No/Other Qualification
Diplom (FH),No/Other Qualification
Diplom (Mechanical Engineering),No/Other Qualification
Diplom (Psychology),No/Other Qualification
Diplom FH,No/Other Qualification
Diplom Grafikdesign English,No/Other Qualification
Diplom Informatics,Secondary Education
Diplom Ingenieur,No/Other Qualification
Diplom Soz. Päd.,No/Other Qualification
Diplom Textiltechnik,No/Other Qualification
Diplom engineer,No/Other Qualification
Diplom social work,No/Other Qualification
Diploma,Secondary Education
Diploma (Art&Design),Secondary Education
Diploma (Creative Media),Secondary Education
Diploma (FH),Secondary Education
Diploma (History of Arts),Secondary Education
Diploma (Hotel management),Secondary Education
Diploma MQF level 5,Secondary Education
Diploma Nursing,Secondary Education
Diploma Photography,Secondary Education
Diploma Psychology,Secondary Education
Diploma Soz.Päd.,Secondary Education
Diploma degree,Higher Education
Diploma from Southampon University,Higher Education
Diploma general Studies,Secondary Education
"Diploma in
Public
Administration",Secondary Education
Diploma in Banking,Secondary Education
Diploma in Child Education,Secondary Education
Diploma in Design Foundation,Secondary Education
Diploma in Engineering,Secondary Education
Diploma in IT,Secondary Education
Diploma in Management Studies,Secondary Education
Diploma in legal services/certificate in financial services,Professional/Vocational
Diploma in mathematics,Secondary Education
Diploma in secretarial studies,Secondary Education
Diploma of Education,Secondary Education
"Diploma, French Lycée Secretarial School, London",Secondary Education
"Diploma, Master's",Higher Education
Diploma/Bachelor?,Higher Education
Diplomas,Secondary Education
Diplome,No/Other Qualification
Diplomingenieur,No/Other Qualification
Diplomkaufmann,No/Other Qualification
Diplomverwaltungsfachwirt,No/Other Qualification
Diplomverwaltungsfachwirtin,No/Other Qualification
Director,No/Other Qualification
Doc (ongoing),No/Other Qualification
Doctor,No/Other Qualification
Doctor (medical),No/Other Qualification
Doctor Degree,Higher Education
Doctor of Laws,No/Other Qualification
Doctor of Medicin and Surgery,No/Other Qualification
Doctor of Medicine,Higher Education
Doctor of Medicine and Surgery,Higher Education
Doctor of laws,No/Other Qualification
Doctor title,No/Other Qualification
Doctor/Staatsexamen,No/Other Qualification
Doctoral,Higher Education
Doctoral (medicine),Higher Education
Doctoral degree,Higher Education
Doctorant,No/Other Qualification
Doctorat,No/Other Qualification
Doctorate,Higher Education
Doctorate in education,Higher Education
Doctorated,Higher Education
Doctors Degree,Higher Education
Doktor,No/Other Qualification
Dot.,No/Other Qualification
Dpil. Kauffrau,No/Other Qualification
Dr.,No/Other Qualification
Dr. Ing.,No/Other Qualification
Dr. in Geology,No/Other Qualification
Dr. med.,No/Other Qualification
Dr. phil.,No/Other Qualification
Dr.'s Degree,Higher Education
Driver Training,Work-Based Learning
Dropped out of school at fourteen,No/Other Qualification
ESO,No/Other Qualification
Early Years Course,No/Other Qualification
Economy,No/Other Qualification
Edinburgh School certificate,Professional/Vocational
Educator(Kindergarden),No/Other Qualification
"Educator, missionary in Romania",No/Other Qualification
Eighth grade,Secondary Education
Einzelhandelskaufmann,No/Other Qualification
Electrical Contractor Certificate,Professional/Vocational
Electrical Engineer,No/Other Qualification
Electrician,No/Other Qualification
Electrician Degree,Higher Education
Electrition,No/Other Qualification
Elementary,No/Other Qualification
Elementary School,No/Other Qualification
Elementary school,No/Other Qualification
Engineer,No/Other Qualification
Engineering,No/Other Qualification
Engineering Course,No/Other Qualification
Engineering Degree,Higher Education
Engineering apprentice,Work-Based Learning
Engineering degree,Higher Education
English Teacher,No/Other Qualification
English degree,Higher Education
Entrepreneur,No/Other Qualification
Environment Engineer,No/Other Qualification
Environmental Health,No/Other Qualification
Erstes Staatsexamen,No/Other Qualification
Estate Agent,No/Other Qualification
FP,No/Other Qualification
FRICS,No/Other Qualification
Fach-Abi,No/Other Qualification
Fach-Abi & Bachelor,Higher Education
Fach-Abitur,Secondary Education
Fachabitur,Secondary Education
Facharbeiter,No/Other Qualification
Faculty of Arts,No/Other Qualification
Farmer,No/Other Qualification
Farmer and Postman,No/Other Qualification
Feinwerkmechaniker,No/Other Qualification
Fellows of the Cartered Insurance of London,No/Other Qualification
Fifth form,Secondary Education
Final Degree Teaching Post,Higher Education
Financial Planner Certificate,Professional/Vocational
"Financial planning certificate, mortgage advice qualification",Professional/Vocational
Finans Okonom,No/Other Qualification
Fine Arts,No/Other Qualification
Finished school,No/Other Qualification
Fire inspector,No/Other Qualification
First Aid,No/Other Qualification
First year college,Professional/Vocational
Five GCSEs,Secondary Education
Folkeskole,No/Other Qualification
Folkskola,No/Other Qualification
Form 3,Secondary Education
Free lance Arts singing teacher,No/Other Qualification
GCB,No/Other Qualification
GCE,Secondary Education
"GCE's, A-levels",Secondary Education
GCES,Secondary Education
GCEs,Secondary Education
GCSCEs,No/Other Qualification
GCSE,Secondary Education
GCSE (Maths),Secondary Education
"GCSE , A/S-Levels",Secondary Education
GCSE's,Secondary Education
"GCSE's, A-Levels",Secondary Education
"GCSE's, NVQ",Professional/Vocational
"GCSE, A-Levels",Secondary Education
"GCSE, A/S-Levels",Secondary Education
"GCSE, AS-Levels",Secondary Education
"GCSE, AS/ A-Levels",Secondary Education
"GCSE, As-Levels",Secondary Education
"GCSE, As/A-Levels",Secondary Education
"GCSE, Btech Diploma (Leisure Studies)",Professional/Vocational
"GCSE, NVQ (level 2)",Professional/Vocational
"GCSE, NVQ Level 4",Professional/Vocational
"GCSE, NVQ Level 5",Professional/Vocational
"GCSE, NVQ, BTEC, BA",Professional/Vocational
"GCSE, two diplomas",Secondary Education
"GCSES, A-levels, currently an undergraduate",Higher Education
GCSEs,Secondary Education
GCSEs and vocational classes,Professional/Vocational
"GCSEs, A-Levels, Diploma",Secondary Education
"GCSEs, O-Levels",Secondary Education
"GCSEs, diploma, work training",Work-Based Learning
GED,No/Other Qualification
GEPS,No/Other Qualification
GNVQ,Professional/Vocational
GNVQ Media,Professional/Vocational
GOE,No/Other Qualification
GS 14,No/Other Qualification
GSCE,No/Other Qualification
GSCEs,No/Other Qualification
GSE,No/Other Qualification
Gemmologist and professional jeweller,Professional/Vocational
General Certificate of Education,Professional/Vocational
General Certificate of Secondary Education,Professional/Vocational
General certificate of secondary education,Professional/Vocational
General education,No/Other Qualification
Geography degree,Higher Education
Geologcal Chief,No/Other Qualification
Gimnazija Piran,No/Other Qualification
Government,No/Other Qualification
Grade 10,Secondary Education
Grade 11,Secondary Education
Grade 12,Secondary Education
Grade 8,Secondary Education
"Grade 8, Piano",Secondary Education
Grade School,Secondary Education
Grade school,Secondary Education
"Grado 
asociado",No/Other Qualification
Grado Asociado,No/Other Qualification
Graduate,No/Other Qualification
Graduate school,No/Other Qualification
Graduation,No/Other Qualification
Graduation (Engineer),No/Other Qualification
Graduation (ME),No/Other Qualification
Graduation Secondary School,Secondary Education
Grammar entry,No/Other Qualification
Grammar school degree,Higher Education
Grammer School,No/Other Qualification
Grapes/vines,No/Other Qualification
Gymnasium,No/Other Qualification
"Gymnasium
University
Degree",Higher Education
Gymnasium in Sweden,No/Other Qualification
HGV class,No/Other Qualification
HNC,Professional/Vocational
HNC Diploma,Professional/Vocational
HNC in Business Studies,Professional/Vocational
HNCN Business Studies,Professional/Vocational
HND,Professional/Vocational
HND (Business Studies),Professional/Vocational
HND *2,Professional/Vocational
HND Catering,Professional/Vocational
HND in Computer Studies,Professional/Vocational
"HND, College",Professional/Vocational
HS Diploma,Secondary Education
HSC,Secondary Education
Handelsskole,No/Other Qualification
Hauptschulabschluss,Higher Education
Hauptschule,No/Other Qualification
Higehst level at secondary school: four highers,Secondary Education
High School,Secondary Education
"High School 
Diploma",Secondary Education
High School (Year 10),Secondary Education
High School / USMC,Secondary Education
High School / USN,Secondary Education
High School Degree and ongoing Bachelor,Higher Education
High School Diploma,Secondary Education
"High School Diploma 
Degree in Adminstration",Higher Education
High School Diploma / CAE,Secondary Education
High School Diploma / Mechanic,Secondary Education
High School Diploma / classe préparatoire aux grandes écoles,Secondary Education
"High School Diploma, Bachelor, French baccalaureat",Higher Education
"High School Diploma, Vocational Class: Electricity",Professional/Vocational
"High School Diploma, Vocational classes: Auto Mechanics",Professional/Vocational
"High School Diploma, Work Training: Data Entry Clerk",Work-Based Learning
"High School Diploma,Bachelor",Higher Education
"High School Diploma,Bachelor,Masters",Higher Education
"High School Diploma,Other (US military training)",Work-Based Learning
High School Diploma; Bachelor,Higher Education
High School Diploma; CaE Certificate,Professional/Vocational
High School Diploma; Work training,Work-Based Learning
High School degree,Higher Education
High School diploma,Secondary Education
High School graduate,Secondary Education
High School of economics,Secondary Education
High School student,Secondary Education
High School student ??,Secondary Education
"High School, 2 year technical school",Professional/Vocational
"High School, Comercial Degree",Higher Education
"High School, Work Training",Work-Based Learning
"High School, studies in US Air Force",Secondary Education
"High School, vocational classes",Professional/Vocational
High school,Secondary Education
"High school 
diploma",Secondary Education
High school Diploma,Secondary Education
High school Higher,Secondary Education
High school Standard grade,Secondary Education
High school diploma,Secondary Education
"High school diploma, Bachelor",Higher Education
"High school diploma, some college",Professional/Vocational
High school diploma; work-hostess internship training,Work-Based Learning
High school teacher,Secondary Education
"High school, secondary school",Secondary Education
Higher,Secondary Education
Higher Certificate,Professional/Vocational
Higher Diploma,Secondary Education
Higher National Certificate,Professional/Vocational
Higher National Certificate (HNC),Professional/Vocational
Higher National Diploma,Secondary Education
Higher National Diploma (IT),Secondary Education
Higher SQA,Secondary Education
Higher School Certificate,Professional/Vocational
Higher Secondary,Secondary Education
Higher Secondary Certificate,Professional/Vocational
Higher diploma,Secondary Education
Higher education,Secondary Education
Higher secondary,Secondary Education
"Higher, Bachelor",Higher Education
"Higher, HND",Professional/Vocational
Highers,Secondary Education
"Highers, Professional Qualification BA Equivalent",Higher Education
"Highers, Secondary School",Secondary Education
Highest level at SS (vermutlich secondary school),Secondary Education
Highest level at secondary school,Secondary Education
"Highest level at secondary school, Bachelor",Higher Education
Highest level at secondary school:  Advanced Higher; Master's,Higher Education
Highest level at secondary school: 6th year/Advanced Higher,Secondary Education
Highest level at secondary school: A-Level; MbChB,Higher Education
Highest level at secondary school: A-Levels,Secondary Education
Highest level at secondary school: Advanced Higher,Secondary Education
Highest level at secondary school: Advanced Higher; Bachelor,Higher Education
Highest level at secondary school: Advanced Higher; Bachelor; Master's,Higher Education
Highest level at secondary school: Advanced Higher; Master's,Higher Education
Highest level at secondary school: Advanced Higher; Master's; PhD,Higher Education
Highest level at secondary school: Four,Secondary Education
Highest level at secondary school: GCSE,Secondary Education
Highest level at secondary school: Higher,Secondary Education
Highest level at secondary school: Higher grades,Secondary Education
Highest level at secondary school: Higher; Other: College NC,Professional/Vocational
Highest level at secondary school: Highers,Secondary Education
Highest level at secondary school: Highers; Bachelor,Higher Education
Highest level at secondary school: Highers; RGN,Secondary Education
Highest level at secondary school: O-Grade,Secondary Education
Highest level at secondary school: SQA Highers; Bachelor,Higher Education
Highest level at secondary school: four highers,Secondary Education
Highest level at secondary school; HNC,Professional/Vocational
Highest level at secondary school; Master's,Higher Education
Highest level at secondary: Advanced higher; Bachelor,Higher Education
Highest level attained at secondary school,Secondary Education
Highest level attained at secondary school (Advanced Higher),Secondary Education
Highest level attained at secondary school (Highers),Secondary Education
"Highest level attained at secondary school (advancec highers), Bachelor",Higher Education
"Highest level attained at secondary school, PhD",Higher Education
Highest level attained at secondary school: 3 Highers,Secondary Education
Highest level attained at secondary school: Advanced Higher; Master's,Higher Education
Highest level attained at secondary school: College,Professional/Vocational
Highest level attained at secondary school: GCSE; Bachelor,Higher Education
Highest level attained at secondary school: Higher; Bachelor,Higher Education
Highest level attained at secondary school: Highers,Secondary Education
Highest level attained at secondary school: Highers and Advanced; Master's,Higher Education
Highest level attained at secondary school: Highers; Bachelor,Higher Education
Highest level attained at secondary school: S4,Secondary Education
Highest level secondary school,Secondary Education
Highest level secondary school (A-Level),Secondary Education
Highest level secondary school (A-Levels),Secondary Education
Highest level secondary school (A-level),Secondary Education
Highest level secondary school (Advanced Higher),Secondary Education
"Highest level secondary school (Advanced Higher), Bachelor",Higher Education
"Highest level secondary school (Advanced Higher), Bachelor, Master's",Higher Education
"Highest level secondary school (Advanced Higher), English",Secondary Education
"Highest level secondary school (Advanced Higher), Master's",Higher Education
"Highest level secondary school (Advanced Higher), Other (HNC in architecture)",Professional/Vocational
"Highest level secondary school (Advanced Higher), Other (MBChB Year 2)",Higher Education
"Highest level secondary school (Advanced Highers), Bachelor (Medicine)",Higher Education
"Highest level secondary school (Advanced higher), Bachelor",Higher Education
"Highest level secondary school (Advanced higher), Other (HND)",Professional/Vocational
Highest level secondary school (Higher),Secondary Education
"Highest level secondary school (Higher), Bachelor of Dental Surgery",Higher Education
"Highest level secondary school (Higher), Other (HNC Sound prod.)",Professional/Vocational
Highest level secondary school (Highers Scottish),Secondary Education
Highest level secondary school (Highers),Secondary Education
"Highest level secondary school (Highers), Bachelor",Higher Education
"Highest level secondary school (Highers), Other (Business manager diploma)",Secondary Education
"Highest level secondary school (Highers), Other (HNC Accounting, HNC Computer data programming)",Professional/Vocational
Highest level secondary school (History A),Secondary Education
Highest level secondary school (National 5),Secondary Education
"Highest level secondary school (O-A-Level), Bachelor",Higher Education
Highest level secondary school (Scottish Highers),Secondary Education
Highest level secondary school (Standard grade),Secondary Education
Highest level secondary school (advanced higher),Secondary Education
Highest level secondary school (advanced higher) Bachelor of Dental Surgery,Higher Education
"Highest level secondary school (advanced higher), bachelor",Higher Education
"Highest level secondary school (advanced highers), Bachelor",Higher Education
"Highest level secondary school (higher grade), Bachelor, other (PG certificate education)",Higher Education
"Highest level secondary school (shorthand), Other (financial planning)",Secondary Education
"Highest level secondary school, Bachelor",Higher Education
"Highest level secondary school, Bachelor, other (ND Mech Marine)",Higher Education
Highest level secondary school: Adv Highers,Secondary Education
Highest level secondary school: Highers,Secondary Education
Highschool,Secondary Education
Highschool Diploma,Secondary Education
History Degree,Higher Education
History Honours,No/Other Qualification
HnD,Professional/Vocational
Hochschulstudium,Secondary Education
Honour's,No/Other Qualification
Honours,No/Other Qualification
Honours Degree,Higher Education
Honours degree,Higher Education
Hotel manager,No/Other Qualification
Housewife,No/Other Qualification
Höhere Handelsschule,No/Other Qualification
IATA tourism studies diploma,Secondary Education
IHK Technician,No/Other Qualification
ILAM Diploma,Secondary Education
IT,No/Other Qualification
IT High School,Secondary Education
ITEC Diploma,Secondary Education
ITI,No/Other Qualification
ITS,No/Other Qualification
Ingeneur,No/Other Qualification
Ingenieur of Ariculture,No/Other Qualification
Inst. Analysts + Programmers,No/Other Qualification
Institute (college),Professional/Vocational
Insurer,No/Other Qualification
Inter cert,No/Other Qualification
Intermediate,No/Other Qualification
Intermediate Certificate,Professional/Vocational
International Relations,No/Other Qualification
Iranian A-levels,Secondary Education
Itec Diploma,Secondary Education
J.D. (Juris Doctor),No/Other Qualification
JB,No/Other Qualification
Joiner apprenticeship,Work-Based Learning
Jornalist /  Photographer,No/Other Qualification
Journalist,No/Other Qualification
Junior Certificate,Professional/Vocational
Junior College (Languages),Professional/Vocational
Junior High,No/Other Qualification
Junior High School,Secondary Education
Junior certificate,Professional/Vocational
Junior college,Professional/Vocational
Junior school,No/Other Qualification
Juris Doctor,No/Other Qualification
Juris Doctorate,Higher Education
Justizfachwirtin,No/Other Qualification
Kaufmann,No/Other Qualification
Kindergarden Preschool Teacher,No/Other Qualification
Kumvux,No/Other Qualification
L.L.B.,No/Other Qualification
LA MS,No/Other Qualification
LCTL ATCL (B. Ed. equivalent),No/Other Qualification
LLB,Higher Education
LLB (Law),Higher Education
LLD,No/Other Qualification
LSE,No/Other Qualification
LSe,No/Other Qualification
LTH,No/Other Qualification
Languages,No/Other Qualification
Law,No/Other Qualification
Law Degree,Higher Education
Law Degree/Bar,Higher Education
Law School,No/Other Qualification
Law Society Exams,No/Other Qualification
Law certificate,Professional/Vocational
Law degree,Higher Education
Law qualifications,No/Other Qualification
Law society examinations,No/Other Qualification
Lawyer,No/Other Qualification
Lcb,No/Other Qualification
Leaving Cert,Secondary Education
Leaving Certificate,Professional/Vocational
Leaving cert,Secondary Education
Leaving certificate,Professional/Vocational
Legal exams,No/Other Qualification
Lehramt,No/Other Qualification
Lehramt German/English,No/Other Qualification
Lehramt Gymnasium,No/Other Qualification
Lehre,No/Other Qualification
Level 3 EDI Business Administration,Secondary Education
Level 4,Secondary Education
Level 6,Secondary Education
Level 7 degree,Higher Education
Licence (as Aircraft Engineer),No/Other Qualification
Licenced Aircraft Engineer,No/Other Qualification
Lieutenant,No/Other Qualification
Lyr College,Professional/Vocational
M.A.,No/Other Qualification
M.A. History,No/Other Qualification
"M.A., B.Ed.",No/Other Qualification
M.Com,No/Other Qualification
M.Com.,No/Other Qualification
"M.Com., B.Ed.",No/Other Qualification
M.D,No/Other Qualification
M.D.,No/Other Qualification
M.D. (ongoing),No/Other Qualification
M.F.C (M.B.A.),No/Other Qualification
M.S. Math,No/Other Qualification
MA,No/Other Qualification
MA (HONS),No/Other Qualification
MA (camb.)/PGCE,Higher Education
MA Business Administration,No/Other Qualification
MA Degree,Higher Education
MA/Lehramt,No/Other Qualification
MATSEC certificate,Professional/Vocational
MAster of Science,Higher Education
MBA,No/Other Qualification
MBBS,No/Other Qualification
MBCHB,Higher Education
MBChB,Higher Education
MBE,No/Other Qualification
MCAST,No/Other Qualification
MD,No/Other Qualification
MD with specialisation,No/Other Qualification
MD. PhD,Higher Education
MDES,No/Other Qualification
MED,No/Other Qualification
MEng,No/Other Qualification
MFA (Medizinishce Fachangestellte),No/Other Qualification
MI,No/Other Qualification
MKP,No/Other Qualification
MLF level 4,Secondary Education
MQF level 5,Secondary Education
MQF level 7,Secondary Education
MSc,No/Other Qualification
Machine Operator,No/Other Qualification
Magister,No/Other Qualification
Magistrate,No/Other Qualification
"Malta College of Arts, Science and Technology",Professional/Vocational
Management,No/Other Qualification
Management Diploma,Secondary Education
Manager,No/Other Qualification
Manager in Gambing Industry,No/Other Qualification
Marine Engineer,No/Other Qualification
Marine engineer,No/Other Qualification
Maritime,No/Other Qualification
Marketing and economics,No/Other Qualification
Marketing degree,Higher Education
Maskinmester,No/Other Qualification
Master,Higher Education
Master (English),Higher Education
Master (IT),Higher Education
Master (Vocational classes Functional English),Higher Education
Master (optic),Higher Education
Master + Ph.D.,Higher Education
Master Craftsman,Higher Education
Master Degree,Higher Education
Master Informatik,Higher Education
Master Mariner,Higher Education
Master Ph.D.,Higher Education
Master degree,Higher Education
Master in Engineering,Higher Education
Master of ?,Higher Education
Master of Economics,Higher Education
Master of Engineering,Higher Education
Master'S,Higher Education
Master's,Higher Education
Master's (?),Higher Education
Master's (Business&Admin),Higher Education
Master's (economy),Higher Education
Master's (ongoing),Higher Education
Master's Degree,Higher Education
Master's Student,Higher Education
Master's degree,Higher Education
"Master's, PhD (1st year PhD)",Higher Education
"Master's, PhD (P. G. C. Education - Modern Languages Teaching)",Higher Education
Master's; Work training,Higher Education
"Master, PGCE Teaching Certificate",Higher Education
Masters,Higher Education
Masters (Engineering),Higher Education
Masters (Journalism),Higher Education
Masters (Vocational Classes: Marketing),Higher Education
Masters Spanish,Higher Education
Masters degree,Higher Education
Mater,No/Other Qualification
Mater's,No/Other Qualification
Matric,No/Other Qualification
Matriculation,Secondary Education
Matriculation Certificate,Professional/Vocational
"Matriculation Certificate, O-Levels",Professional/Vocational
Maturità (Italian qualififcation),No/Other Qualification
Maurer Ausbildung,No/Other Qualification
Mechanic,No/Other Qualification
Mechanical Engineer,No/Other Qualification
Mechanical engineer,No/Other Qualification
Mechanical engineering degree,Higher Education
Medhjaelpend Hustru,No/Other Qualification
Medical Brand Manager,No/Other Qualification
Medical Degree,Higher Education
Medical Doctor,No/Other Qualification
Medical Doctor Degree,Higher Education
Medical M.D.,No/Other Qualification
Medical School,No/Other Qualification
Medical Secretary,No/Other Qualification
Medical assistant,No/Other Qualification
Medical degree,Higher Education
Medical doctor,No/Other Qualification
Medical doctor (physician),No/Other Qualification
Medical school,No/Other Qualification
Medicine,Higher Education
Medicine Degree,Higher Education
Medicine School,Higher Education
Medicine degree,Higher Education
Medizin-Studium,No/Other Qualification
Meister,No/Other Qualification
Meister Elektrotechnik,No/Other Qualification
Mid school,No/Other Qualification
Middle School,No/Other Qualification
Middle school,No/Other Qualification
Middleschool,No/Other Qualification
Midwife,No/Other Qualification
Military Navy & Army,No/Other Qualification
Military School,No/Other Qualification
Military school,No/Other Qualification
Military training,Work-Based Learning
Mitlere Reife,No/Other Qualification
Mittelschulabschlus,Higher Education
Mittelschulabschluss,Higher Education
Mittlere  Reife,No/Other Qualification
Mittlere Reife,No/Other Qualification
"Mittlere Reife, Ausbildung",No/Other Qualification
Mittlere reife/ Vocational training,Professional/Vocational
Motor Mechanic,No/Other Qualification
NCVA level 2,Secondary Education
ND,No/Other Qualification
NDE,No/Other Qualification
NNEB,No/Other Qualification
NVQ,Professional/Vocational
NVQ 3,Professional/Vocational
NVQ 4,Professional/Vocational
NVQ Level 2,Professional/Vocational
NVQ Level 3,Professional/Vocational
NVQ Science,Professional/Vocational
NVQ substance misuse,Professional/Vocational
Nanny,No/Other Qualification
National 5,No/Other Qualification
National Vocational Qualification,Professional/Vocational
Naval college,Professional/Vocational
Neonatal course,No/Other Qualification
Never went to school,No/Other Qualification
Nil,No/Other Qualification
Nine GCSEs,Secondary Education
No education,No/Other Qualification
No qualification,No/Other Qualification
Normal qualification,No/Other Qualification
Nothing,No/Other Qualification
Nurse,No/Other Qualification
Nurse training,Work-Based Learning
Nurse's Assistant,No/Other Qualification
Nursery school,No/Other Qualification
Nursing,No/Other Qualification
Nursing Bachelor,Higher Education
Nursing Degree,Higher Education
Nursing Diploma,Secondary Education
Nursing Malmö Praktiska Gymnasium,No/Other Qualification
Nursing Qualifications,No/Other Qualification
Nursing School,No/Other Qualification
Nursing Vocational,Professional/Vocational
Nursing degree,Higher Education
Nursing diploma,Secondary Education
Nursing school,No/Other Qualification
"Nursing, midwifing qualifications",No/Other Qualification
O Grades,Secondary Education
O Level,Secondary Education
O Levels,Secondary Education
O levels,Secondary Education
"O&A-levels, currently studying workbased qualification",Secondary Education
O'  Levels,Secondary Education
O'Level,Secondary Education
O'Levels,Secondary Education
O'Levels but stopped after a year,Secondary Education
O'level,Secondary Education
O'levels,Secondary Education
O-/A-Levels,Secondary Education
O-Grade,Secondary Education
O-Grades,Secondary Education
O-Level,Secondary Education
O-Levels,Secondary Education
"O-Levels (English, B)",Secondary Education
"O-Levels (Maths, C)",Secondary Education
"O-Levels, CSE's",Secondary Education
"O-Levels, NVQ 3",Professional/Vocational
"O-Levels, Other (HNC)",Professional/Vocational
"O-Levels, Vocational classes (Craft, interior design, jewellry)",Professional/Vocational
"O-Levels, Vocational classes, Work training (banking exams)",Professional/Vocational
"O-Levels, one A-Level",Secondary Education
O-Levels/HND,Professional/Vocational
O-level,Secondary Education
O-levels,Secondary Education
"O-levels, ECDL",Secondary Education
Oberschule/Abitur?,Secondary Education
Oberschulreife,No/Other Qualification
Office,No/Other Qualification
Office work,No/Other Qualification
Office worker,No/Other Qualification
Officer,No/Other Qualification
Official Education,No/Other Qualification
Ombudsman,No/Other Qualification
Ongoing BA,No/Other Qualification
Ongoing Bachelor,Higher Education
Ongoing bachelor's degree,Higher Education
Online diploma,Secondary Education
Open Uni Degree,Higher Education
Optician,No/Other Qualification
Ordinary,No/Other Qualification
"Ordinary
Level",Secondary Education
Ordinary Levels,Secondary Education
Ordinary level,Secondary Education
Other,No/Other Qualification
Other (11th and Plus),No/Other Qualification
Other (Associate Degree),Higher Education
Other (Business study course),No/Other Qualification
Other (Childcare),No/Other Qualification
Other (Civil Engineer),No/Other Qualification
Other (College (Travel & Tourism BTEC)),Professional/Vocational
Other (Dance teacher),No/Other Qualification
Other (Diploma),Secondary Education
"Other (Diploma, Associate's Degree)",Higher Education
Other (Gemmologist and professional jeweller),Professional/Vocational
Other (HND),Professional/Vocational
Other (Higher National Diploma),Secondary Education
Other (Honours),No/Other Qualification
Other (Law Degree),Higher Education
Other (Laws),No/Other Qualification
Other (MBChB),Higher Education
Other (MbChB),Higher Education
Other (National 5),No/Other Qualification
Other (Professional qualification),Professional/Vocational
Other (RSA English Literature),No/Other Qualification
Other (School certificate),Professional/Vocational
Other (Secretary),No/Other Qualification
Other (Shopworker),No/Other Qualification
Other (Trust exams),No/Other Qualification
Other (U.S. Navy),No/Other Qualification
Other (medical postgraduate exams),Higher Education
"Other (self taught, classes at Christie's, Toastmasters School)",Higher Education
Other (tradesman),No/Other Qualification
Other: College,Professional/Vocational
PAD,No/Other Qualification
PD (prof.),No/Other Qualification
PGCE,Higher Education
PGCE Secondary Teacher,Higher Education
"PGCE in English, Italian, Psychology",Higher Education
PGCE secondary history,Higher Education
PHD,Higher Education
PHD (pending),Higher Education
PS,No/Other Qualification
Pager-printer,No/Other Qualification
Paparazzi,No/Other Qualification
Paramedic Degree,Higher Education
Ph.D,No/Other Qualification
PhD,Higher Education
"PhD (Psychology, Sociology, Law)",Higher Education
PhD (general medicine),Higher Education
PhD Bio-Chemistry,Higher Education
PhD Education,Higher Education
PhD in laws,Higher Education
"PhD, MD",Higher Education
PhD/M.D.,Higher Education
PhD; M.D,Higher Education
PharmD,No/Other Qualification
Pharmacist,No/Other Qualification
Pharmacy,No/Other Qualification
Pharmacy Degree,Higher Education
Phd,Higher Education
Phil.,No/Other Qualification
Photographer,No/Other Qualification
Physical Therapist,No/Other Qualification
Physics,No/Other Qualification
Physiotherapy,No/Other Qualification
Plastering,No/Other Qualification
Plumbing qualifications,No/Other Qualification
Police,No/Other Qualification
Police Academy,No/Other Qualification
Policeman,No/Other Qualification
Post Grad,No/Other Qualification
Post Graduate,Higher Education
Post Graduate in Education,Higher Education
Post Secondary,Secondary Education
Post graduate,Higher Education
Post graduate diploma,Higher Education
Post office,No/Other Qualification
Post secondary,Secondary Education
"Post-
Secondary",Secondary Education
"Post-
Secondary
Level",Secondary Education
Post- Secondary,Secondary Education
Post-Grad Diploma,Secondary Education
Post-Graduate,Higher Education
Post-Graduation,No/Other Qualification
Post-Secondary,Secondary Education
Post-graduate,Higher Education
Post-secondary,Secondary Education
Post-secondary education,Secondary Education
Postgraduate Certificate in Education,Higher Education
Postgraduate Diploma,Higher Education
Postgraduate diploma,Higher Education
Postgraduation,No/Other Qualification
Pre GCSEs,Secondary Education
Pre-school teacher,No/Other Qualification
Primary,No/Other Qualification
"Primary
Level",Secondary Education
Primary School,No/Other Qualification
Primary school,No/Other Qualification
Printing,No/Other Qualification
Process Engineer,No/Other Qualification
Product developer,No/Other Qualification
Professional Cert.,Professional/Vocational
Professional Electrician Engineer,Professional/Vocational
Professional Qualification,Professional/Vocational
Professional School,Professional/Vocational
Professional formatiob,Professional/Vocational
Professional formation,Professional/Vocational
Professional qualification,Professional/Vocational
Professor,No/Other Qualification
Professorship,No/Other Qualification
Programmator CIT,No/Other Qualification
Programmer,No/Other Qualification
Project manager,No/Other Qualification
PsyD,No/Other Qualification
Psychiatrist,No/Other Qualification
Psychologist,No/Other Qualification
Public accounting qual,No/Other Qualification
Public health,No/Other Qualification
Public relations,No/Other Qualification
Pupil,No/Other Qualification
Quali,No/Other Qualification
Quali Fremdsprachenkauffrau,No/Other Qualification
Quali Industriemeister,No/Other Qualification
Qualified Glazier,Professional/Vocational
Qualified Nurse,Professional/Vocational
Qualified Teacher,Professional/Vocational
Qualifizierender Hauptschulabschluss,Higher Education
Qualifizierender Mittelschulabschluss,Higher Education
Qualifizierter Abschluss,Higher Education
Qualifizierter Hauptschulabschluss,Higher Education
Qualli,No/Other Qualification
Quit School,No/Other Qualification
R.I.C.S.,No/Other Qualification
RGN Dip. Health Science,No/Other Qualification
RN (registered nurse?),Professional/Vocational
RSA II,No/Other Qualification
Radio coordinator,No/Other Qualification
Realschulabschluss,Higher Education
Realschule,No/Other Qualification
Realschule/Mittlere Reife,No/Other Qualification
Rechtsfachwirtin,No/Other Qualification
Referee,No/Other Qualification
Regelschulabschluss,Higher Education
Registered Dietitian,Professional/Vocational
Registered General Nurse - Diploma in Health Care Studies,Professional/Vocational
Registered Nurse,Professional/Vocational
Registered Nursing Diploma,Professional/Vocational
"Registered fever nurse, registered general nurse, midwife",Professional/Vocational
Registered nurse,Professional/Vocational
Retired,No/Other Qualification
S 2nd,No/Other Qualification
S.R.N,No/Other Qualification
SA Germanistic / Anglistic,No/Other Qualification
SVQ,No/Other Qualification
Sales,No/Other Qualification
Salesman,No/Other Qualification
School,No/Other Qualification
School (secondary),Secondary Education
School Certificate,Professional/Vocational
School Degree,Higher Education
School Leaving Certificate,Professional/Vocational
School Level,Secondary Education
School certificate,Professional/Vocational
School dropout (8th grade),Secondary Education
School for Dentists,No/Other Qualification
School leaving,No/Other Qualification
School leaving certificate,Professional/Vocational
School leaving certificate ?,Professional/Vocational
School of architecture,No/Other Qualification
Schooling,No/Other Qualification
Schreinermeister,No/Other Qualification
Science Degree,Higher Education
Scottish Certificate,Professional/Vocational
Scottish Higher,Secondary Education
Scottish O-Level,Secondary Education
Scottish O-Levels,Secondary Education
Scottish Vocational Qualifications,Professional/Vocational
Seamstress(?) Certificate,Professional/Vocational
Seconadry,No/Other Qualification
Secondary,Secondary Education
"Secondary
Level",Secondary Education
"Secondary
School",Secondary Education
"Secondary
School
not finished",Secondary Education
Secondary Education,Secondary Education
Secondary Leaving Certificate,Professional/Vocational
Secondary Level,Secondary Education
Secondary Qualification,Secondary Education
Secondary School,Secondary Education
Secondary School Highers,Secondary Education
Secondary School Level,Secondary Education
Secondary Shool,Secondary Education
Secondary educatiom,Secondary Education
Secondary education,Secondary Education
Secondary school,Secondary Education
Secondary studies,Secondary Education
Secondary vocational,Professional/Vocational
Secondary-school diploma,Secondary Education
Secretarial,No/Other Qualification
Secretarial Certification,Professional/Vocational
Secretarial School,No/Other Qualification
Secretarial diploma,Secondary Education
Secretarial school,No/Other Qualification
Secretarian,No/Other Qualification
Secretary,No/Other Qualification
Secretary School,No/Other Qualification
Secretary qualifications,No/Other Qualification
Secreterial Course,No/Other Qualification
Security,No/Other Qualification
Senior Transactional Officer,No/Other Qualification
Senior clerk,No/Other Qualification
Seondary school,No/Other Qualification
Sexondary,No/Other Qualification
Shipyard,No/Other Qualification
Shop Owner,No/Other Qualification
Shop assistant,No/Other Qualification
Short hand typing,No/Other Qualification
Sir Luigi Preciosi Pembecke,No/Other Qualification
Sixth Form,Secondary Education
"Sixth Form, Post-secondary education",Secondary Education
Sixth form,Secondary Education
Sixth form advanced level,Secondary Education
Sixth form at University,Higher Education
Slovenian matura,No/Other Qualification
Social Worker,No/Other Qualification
Society,No/Other Qualification
Socionom,No/Other Qualification
Soldier,No/Other Qualification
Some college,Professional/Vocational
Something like ABitur in Russia,Secondary Education
Sosu,No/Other Qualification
Specialiserad Sjuksköterska,No/Other Qualification
Speech Pathology,No/Other Qualification
Speech Therapist,No/Other Qualification
Squadron RAF,No/Other Qualification
Staatlich geprüfter Übersetzer,No/Other Qualification
Staatsexamen,No/Other Qualification
Staatsexamen Lehramt,No/Other Qualification
"Staatsexamen, Masters",Higher Education
Staff Nurse,No/Other Qualification
Standard Grade,Secondary Education
Standard grade,Secondary Education
Standard grades,Secondary Education
Started Uni,No/Other Qualification
State School,No/Other Qualification
State enrolled nursing,No/Other Qualification
State registered nurse,Professional/Vocational
Student,No/Other Qualification
Studium,No/Other Qualification
Studium Lehramt Gym English and German,No/Other Qualification
Stukkateur-Meister,No/Other Qualification
Superior grade,Secondary Education
Surgical Assistant Course,No/Other Qualification
Surveying degree,Higher Education
Swansea Certificate,Professional/Vocational
TAFE courses,Professional/Vocational
Taylor,No/Other Qualification
Teacher,No/Other Qualification
Teacher (Secondary School),Secondary Education
Teacher Secondary School,Secondary Education
Teacher Training,Work-Based Learning
Teacher in music,No/Other Qualification
Teacher training,Work-Based Learning
Teacher's Degree (Staatsexamen),Higher Education
Teacher's Programme,No/Other Qualification
Teacher's Training College,Professional/Vocational
Teachers Degree,Higher Education
Teaching Certificate,Professional/Vocational
Teaching Diploma,Secondary Education
Teaching Qualification,No/Other Qualification
Teaching degree,Higher Education
Teaching degree (Gym.),Higher Education
Tech School,No/Other Qualification
"Technical +
Engineering
School",Professional/Vocational
Technical College,Professional/Vocational
Technical Degree,Higher Education
Technical Diploma,Professional/Vocational
Technical Inst. Certification,Professional/Vocational
Technical chef,Professional/Vocational
Technician,No/Other Qualification
Technician Degree,Higher Education
Technikumabschluss Maschinenbau,Higher Education
"Technology
Course",No/Other Qualification
Telecommunications Technicians Diploma,Secondary Education
Tertiary,No/Other Qualification
"Tertiary Ed., no degree",Higher Education
Tertiary Education,No/Other Qualification
Tertiary Level,Secondary Education
Tertiary School,No/Other Qualification
Tertiary level,Secondary Education
Tertiary school,No/Other Qualification
Textile engineering,No/Other Qualification
Theology diploma,Secondary Education
Therapist,No/Other Qualification
Timberman,No/Other Qualification
Topclass welder,No/Other Qualification
Trade,No/Other Qualification
Trade School,No/Other Qualification
Trained nurse,No/Other Qualification
Traineeship,No/Other Qualification
Translator,No/Other Qualification
Trust officer,No/Other Qualification
Trätechniker,No/Other Qualification
Two honours degrees,Higher Education
UP PEF pedagogy,No/Other Qualification
Under Graduate,No/Other Qualification
Undergraduate,Higher Education
Undergraduate Degree,Higher Education
Undergraduate Master's,Higher Education
Undergraduate Medicine (MbChB),Higher Education
Undergraduate degree,Higher Education
Undergraduate degree (not 100 % sure),Higher Education
Undergraduate medical degree,Higher Education
Undergraduates,Higher Education
Uni Abschluss,Higher Education
Uni Degree,Higher Education
Uni degree,Higher Education
Uni level,Secondary Education
Uni-Abschluss,Higher Education
Union worker,No/Other Qualification
Univeristy Degree,Higher Education
University,Higher Education
"University
Degree",Higher Education
University Courses,Higher Education
University Degree,Higher Education
University Degree English,Higher Education
University Degree in Foreign Languages,Higher Education
University Degree in Graphic Design,Higher Education
University Diploma,Higher Education
University Teacher,Higher Education
University courses,Higher Education
University degree,Higher Education
University degrees,Higher Education
University qualification,Higher Education
Unknown,No/Other Qualification
Unversity degree,Higher Education
Upper Secondary,Secondary Education
Upper secondary,Secondary Education
VA,No/Other Qualification
VD NCC,No/Other Qualification
Various,No/Other Qualification
Verbeamtet,No/Other Qualification
Vocaional,No/Other Qualification
Vocatinal classes,No/Other Qualification
"Vocatioinal classes, Highest level at secondary school: SVQ Level2, Fitness Level 6, Stanford Grades",Secondary Education
Vocation HV Qualification,No/Other Qualification
Vocation classes,No/Other Qualification
Vocationa-Secondaryl,Secondary Education
Vocational,Professional/Vocational
Vocational  high school,Professional/Vocational
Vocational (secretarial),Professional/Vocational
Vocational Baccalaureate,Professional/Vocational
Vocational Class,Professional/Vocational
Vocational Classe; Work training (ASEET),Professional/Vocational
Vocational Classes,Professional/Vocational
Vocational Classes (Diploma in electrical installations),Professional/Vocational
Vocational Classes (MC Course),Professional/Vocational
Vocational Classes (MCAST),Professional/Vocational
Vocational Classes (NVQ Business+Administration),Professional/Vocational
"Vocational Classes (O'level, NVQ, ECDL)",Professional/Vocational
Vocational Classes (State Registered Nurse),Professional/Vocational
"Vocational Classes (Trained Stonemason), High School Diploma",Professional/Vocational
Vocational Classes (Translator),Professional/Vocational
Vocational Classes (business management studies),Professional/Vocational
Vocational Classes (graphic design and interactive media),Professional/Vocational
Vocational Classes (tailoring),Professional/Vocational
"Vocational Classes, A-Levels",Professional/Vocational
"Vocational Classes, GCSE",Professional/Vocational
"Vocational Classes, GCSE, BTEC",Professional/Vocational
"Vocational Classes, Work Training (Catering Qualifications)",Professional/Vocational
"Vocational Classes, Work training",Professional/Vocational
"Vocational Classes, Work training (NVQ)",Professional/Vocational
"Vocational Classes, Work training, High School Diploma",Professional/Vocational
"Vocational Classes, diploma",Professional/Vocational
"Vocational Classes,Work training,Bachelor, various software, IT, NW, engineering certifications",Higher Education
Vocational Classes; Apprenticeship,Professional/Vocational
Vocational Classes; Bachelor,Higher Education
Vocational Collge,Professional/Vocational
Vocational Diploma,Professional/Vocational
Vocational High School,Professional/Vocational
Vocational School,Professional/Vocational
Vocational Training,Professional/Vocational
Vocational class,Professional/Vocational
Vocational classes,Professional/Vocational
Vocational classes ( NVQ Business Administration),Professional/Vocational
Vocational classes (AVCE Business),Professional/Vocational
Vocational classes (Carpentry and Joinery),Professional/Vocational
Vocational classes (City and Guilds 224 Electronic Services),Professional/Vocational
"Vocational classes (College: painting and decorating, waitress and hotel management)",Professional/Vocational
"Vocational classes (Drama), Work training, Highest level attained at secondary school, Bachelor, Drama + Performance",Higher Education
"Vocational classes (English classes), Bachelor",Higher Education
Vocational classes (GCSE's+ A-levels),Professional/Vocational
Vocational classes (GCSE),Professional/Vocational
Vocational classes (GCSE/ A-Levels),Professional/Vocational
"Vocational classes (GNVQ Art and Design), Bachelor (BA Accountancy)",Higher Education
Vocational classes (HND),Professional/Vocational
Vocational classes (Media/IT),Professional/Vocational
Vocational classes (Medicine),Higher Education
"Vocational classes (Merchant navey traineeship), other (Foundation degree)",Higher Education
Vocational classes (NVQ 2),Professional/Vocational
Vocational classes (NVQ Retail 1+2),Professional/Vocational
Vocational classes (NVQ in Business Admin),Professional/Vocational
Vocational classes (NVQ level 2 IT),Professional/Vocational
Vocational classes (National Welsh Board A-Levels),Professional/Vocational
Vocational classes (O-Levels),Professional/Vocational
"Vocational classes (Photography), Work training, Highest level attained at secondary school",Professional/Vocational
"Vocational classes (Secreterial), Honorary Degree",Higher Education
Vocational classes (a lot of courses on HR),Professional/Vocational
Vocational classes (accounting),Professional/Vocational
Vocational classes (art),Professional/Vocational
Vocational classes (evening class),Professional/Vocational
Vocational classes (registered nurse),Professional/Vocational
Vocational classes / Apprenticeship,Professional/Vocational
"Vocational classes, Bachelor (Marketing)",Higher Education
"Vocational classes, Bachelor of visual Arts (grade 12 graduate)",Higher Education
"Vocational classes, GCSEs",Professional/Vocational
"Vocational classes, Pharmaceutical sales",Professional/Vocational
"Vocational classes, Work training",Professional/Vocational
"Vocational classes, Work training ( Secretary Linguist/ESOL/Italian Adult Education Qualification)",Professional/Vocational
"Vocational classes, Work training (8GCSE's and 3 years training for Btec certificate, HNC Business finance)",Professional/Vocational
"Vocational classes, Work training (Association of Taxation Technicians)",Professional/Vocational
"Vocational classes, Work training (BTEC, GCSE's)",Professional/Vocational
"Vocational classes, Work training (HND Catering)",Professional/Vocational
"Vocational classes, Work training (NVQ City&Guilds)",Professional/Vocational
"Vocational classes, Work training (Photographer)",Professional/Vocational
"Vocational classes, Work training, Bachelor (CRB Training, NVQ Team Leading, HNC Business+Finance, Diploma in Accountancy, Diploma in Personal Management)",Higher Education
"Vocational classes, Work training, Highest level attained at secondary school",Professional/Vocational
"Vocational classes, Work training, Highest level secondary school (Advanced Highers), Other (HND)",Professional/Vocational
"Vocational classes, highest level at secondary school: standard grades; Bachelor",Higher Education
"Vocational classes, highest level attained at secondary school: Standard Grade",Professional/Vocational
"Vocational classes, other law clerk",Professional/Vocational
"Vocational classes, work training",Professional/Vocational
"Vocational classes, work training ( GCSE, HR Admin, Trust & Co Admin)",Professional/Vocational
"Vocational classes, work training, Highest level attained at secondary school: Advanced Highers; Bachelor, Master's, PhD",Higher Education
"Vocational classes, work training, highest level at secondary school",Professional/Vocational
"Vocational classes, work training, highest level at secondary school: sixth year studies; Bachelor",Higher Education
"Vocational classes, work training, highest level attained at secondary school",Professional/Vocational
Vocational classes: Diploma in radiography,Professional/Vocational
Vocational classes; Highest level at secondary school: Advanced Higher; Bachelor,Higher Education
Vocational classes; Work training (accounting),Professional/Vocational
"Vocational classses (English classes), Bachelor",Higher Education
"Vocational clsses (PDA/HND), Bachelor",Higher Education
Vocational college,Professional/Vocational
Vocational degree,Higher Education
Vocational high school,Professional/Vocational
Vocational school,Professional/Vocational
Vocational school (2 years),Professional/Vocational
Vocational scjool,Professional/Vocational
Vocational training,Professional/Vocational
"Vocational, high school diploma",Professional/Vocational
Vocationl training,Work-Based Learning
Volkshochschulabschluss,Higher Education
Volksschule,No/Other Qualification
Volljurist,No/Other Qualification
Volljuristin,No/Other Qualification
WP-PEF-PED.Faculty,No/Other Qualification
Web Development,No/Other Qualification
Welder,No/Other Qualification
Wirtschaftsfachwirtin (Ausbildung),No/Other Qualification
Work,No/Other Qualification
Work Training,Work-Based Learning
Work Training (Ausbildung),Work-Based Learning
Work Training (Bäckermeister),Work-Based Learning
Work at coop,No/Other Qualification
Work training,Work-Based Learning
Work training (ACCA),Professional/Vocational
Work training (CIPD),Work-Based Learning
Work training (CRB Training),Work-Based Learning
Work training (Catering/ Industry/Care),Work-Based Learning
Work training (City Guilds),Work-Based Learning
Work training (Diploma in Local Government Pension Scheme Management),Work-Based Learning
Work training (ESC),Work-Based Learning
Work training (Factory Worker),Work-Based Learning
Work training (Foreign Language Correspondent for English and Spanish),Work-Based Learning
Work training (HNC Construction),Professional/Vocational
Work training (Hair dressing),Work-Based Learning
Work training (Health and Social),Work-Based Learning
"Work training (JET 1, ALCM Diploma in music)",Work-Based Learning
Work training (NAG JET 1; City & Guilds Catering),Work-Based Learning
Work training (NVQs),Professional/Vocational
Work training (Retail),Work-Based Learning
Work training (Shop Assistant),Work-Based Learning
Work training (Welder Loan Management),Work-Based Learning
Work training (accountancy),Work-Based Learning
Work training (chef apprenticeship),Work-Based Learning
Work training (construction related),Work-Based Learning
Work training (import/ export),Work-Based Learning
Work training (nurse),Work-Based Learning
Work training (shipping school),Work-Based Learning
"Work training (trained butcher, professional prison officer)",Professional/Vocational
"Work training, Bachelor",Higher Education
"Work training, Bachelor, Masters",Higher Education
"Work training, GCSE",Work-Based Learning
"Work training, Highest level at secondary school: hairdressing",Work-Based Learning
"Work training, Highest level attained at school (sixth year studies)",Work-Based Learning
"Work training, Highest level attained at secondary school: Standard Grade",Work-Based Learning
"Work training, Highest level attained at secondary school: YTS/None",Work-Based Learning
"Work training, Highest level secondary school (Advanced Higher Drama)",Work-Based Learning
"Work training, Highest level secondary school (GCSE 2)",Work-Based Learning
"Work training, Other (C&D Grades at school, various occupational certificates)",Professional/Vocational
"Work training, highest level at secondary school, Bachelor",Higher Education
"Work training, highest level attained at secondary school",Work-Based Learning
"Work training, highest level secondary school: Advanced higher",Work-Based Learning
"Work training,High School Diploma,Bachelor,Masters, other (military)",Higher Education
Work training/Other,Work-Based Learning
Work training; Highest level at secondary school: Highers,Work-Based Learning
Workman,No/Other Qualification
Yachtmaster Offshore (Commercial),Higher Education
Year 11,No/Other Qualification
Year 12,No/Other Qualification
Year 8,No/Other Qualification
Year Ten,No/Other Qualification
academy,No/Other Qualification
accountacy qualification,No/Other Qualification
accountant,No/Other Qualification
accounts clerk,No/Other Qualification
achelor,No/Other Qualification
advanced level,Secondary Education
advanced levels,Secondary Education
apprenticeship,Work-Based Learning
armourment fitter,No/Other Qualification
art-history major,No/Other Qualification
associate,No/Other Qualification
associate degree,Higher Education
bachelor,Higher Education
bachelor of laws,Higher Education
bachelor's,Higher Education
banker,No/Other Qualification
beauty specialist,No/Other Qualification
boarding school,No/Other Qualification
business,No/Other Qualification
business school,No/Other Qualification
cadette training,Work-Based Learning
chef,No/Other Qualification
clerk,No/Other Qualification
college,Professional/Vocational
college (master's),Higher Education
college degree,Higher Education
college technical,Professional/Vocational
comprehensive school,No/Other Qualification
cooking,No/Other Qualification
cos?,No/Other Qualification
craft school,No/Other Qualification
degree,Higher Education
degree in IT,Higher Education
degree in business & psychology,Higher Education
degree in computer,Higher Education
degree in hairdressing,Higher Education
diploma,Secondary Education
discontinued,No/Other Qualification
doctor,No/Other Qualification
doctor juris,No/Other Qualification
doctorate,Higher Education
dropped HS,No/Other Qualification
dropped out of school,No/Other Qualification
economics degree,Higher Education
economy secondary school,Secondary Education
electrician,No/Other Qualification
electronic,No/Other Qualification
elementary school,No/Other Qualification
engineer,No/Other Qualification
engineering,No/Other Qualification
engineering student,No/Other Qualification
extended Diploma and O'level,Secondary Education
faculty of Technology,No/Other Qualification
finance director,No/Other Qualification
food and beverage manager,No/Other Qualification
gardener,No/Other Qualification
government,No/Other Qualification
graduated,No/Other Qualification
graduated Uni,No/Other Qualification
half secondary school,Secondary Education
head of division,No/Other Qualification
high,No/Other Qualification
high school,Secondary Education
"high school 
diploma",Secondary Education
high school dipl,Secondary Education
high school diploma,Secondary Education
housewife,No/Other Qualification
igh School,No/Other Qualification
illiterate,No/Other Qualification
in high school,Secondary Education
in higher school,Secondary Education
institute,No/Other Qualification
junior high,No/Other Qualification
juris doctor,No/Other Qualification
law,No/Other Qualification
law degree,Higher Education
law school,No/Other Qualification
learned from experienced aunt,No/Other Qualification
leaving certificate,Professional/Vocational
left school at 17,No/Other Qualification
level 6,Secondary Education
level 8,Secondary Education
licensed psychotherapist,Professional/Vocational
lower secondary school,Secondary Education
machinist,No/Other Qualification
manager,No/Other Qualification
maritime school,No/Other Qualification
mechanical engineer,No/Other Qualification
mechanical school,No/Other Qualification
med school,No/Other Qualification
medical doctorate,Higher Education
medical student,No/Other Qualification
merchant,No/Other Qualification
mid school,No/Other Qualification
mid-secondary school,Secondary Education
middle school,No/Other Qualification
military,No/Other Qualification
mittlere Reife,No/Other Qualification
musician/ teacher,No/Other Qualification
my own way,No/Other Qualification
nil,No/Other Qualification
non-readable,No/Other Qualification
none,No/Other Qualification
none/other?,No/Other Qualification
nurse,No/Other Qualification
nursing course,No/Other Qualification
nursing school,No/Other Qualification
o levels,Secondary Education
old O levels (GCSE),Secondary Education
ongoing diploma,Secondary Education
ongoing student for Bachelors,Higher Education
ordinary level,Secondary Education
other,No/Other Qualification
other (Associate degree in Hospitality and Tourism),Higher Education
other (BEC national and higher national),Secondary Education
other (Babysitting),No/Other Qualification
other (College),Professional/Vocational
other (Day Release),No/Other Qualification
other (HNC Electric engineering),Professional/Vocational
other (Hairdressing),No/Other Qualification
other (Hawaii Police Department Explorer Academy),No/Other Qualification
other (Juris Doctor),No/Other Qualification
other (Medical Billing and Coder Diploma),Secondary Education
other (Undergraduate degree),Higher Education
other (Undergraduate),Higher Education
other (babysitter),No/Other Qualification
other (nursing school),No/Other Qualification
other (post graduate),Higher Education
other Advanced Level Certificate,Professional/Vocational
other Dr. of Law,No/Other Qualification
other: basic nail course/nail advanced course,No/Other Qualification
other: primary,No/Other Qualification
other: still studying,No/Other Qualification
other: student,No/Other Qualification
other:student,No/Other Qualification
owns a shop,No/Other Qualification
partly university,Higher Education
pension,No/Other Qualification
police academy,No/Other Qualification
police man,No/Other Qualification
portworker,No/Other Qualification
post doc,No/Other Qualification
post secondary school,Secondary Education
post-graduate,Higher Education
post-secondary,Secondary Education
postman,No/Other Qualification
primary,No/Other Qualification
primary level,Secondary Education
primary school,No/Other Qualification
primary school?,No/Other Qualification
private college: teacher's training,Professional/Vocational
professional barber,Professional/Vocational
professional picot,Professional/Vocational
professor,No/Other Qualification
qualified nurse,Professional/Vocational
regional manager,No/Other Qualification
retired,No/Other Qualification
sales,No/Other Qualification
sales assistant,No/Other Qualification
sales man,No/Other Qualification
sargent major,No/Other Qualification
school certificate,Professional/Vocational
school for music,No/Other Qualification
"school until sixteen, evening courses at college",Professional/Vocational
school up to sixth form,Secondary Education
secindary school,No/Other Qualification
second school,No/Other Qualification
secondary,Secondary Education
secondary certificate,Professional/Vocational
secondary economics,Secondary Education
secondary education,Secondary Education
secondary exams,Secondary Education
secondary level,Secondary Education
secondary medical school,Secondary Education
secondary school,Secondary Education
secondary school (not finished),Secondary Education
secretarial school,No/Other Qualification
self employed,No/Other Qualification
sergeant army,No/Other Qualification
shipping,No/Other Qualification
shoemaker,No/Other Qualification
shopowner / airBNB,No/Other Qualification
short time university (Japan),Higher Education
sixth form,Secondary Education
skilled,No/Other Qualification
social worker,No/Other Qualification
some College,Professional/Vocational
some college,Professional/Vocational
"some college, no degree",Higher Education
some university,Higher Education
staatl. geprüfte Übersetzerin,No/Other Qualification
standard,No/Other Qualification
still in school,No/Other Qualification
student,No/Other Qualification
student (11th class),No/Other Qualification
student and bartender,No/Other Qualification
teacher,No/Other Qualification
tech/MBA,No/Other Qualification
technical college,Professional/Vocational
technical institute,Professional/Vocational
technical school,Professional/Vocational
technical teaching qualification,Professional/Vocational
tertial,No/Other Qualification
tertiary,No/Other Qualification
tertiary education,No/Other Qualification
tertiary level,Secondary Education
third grade,Secondary Education
trade school,No/Other Qualification
trained in construction,No/Other Qualification
trained retail salesman,No/Other Qualification
trained retail saleswoman,No/Other Qualification
"tutor in beauty therapy, part time broadcasting",No/Other Qualification
uk professional body finance / stock exchange / economy classes; like university,Higher Education
undergraduate,Higher Education
unfinished university,Higher Education
uni,No/Other Qualification
university,Higher Education
university diploma,Higher Education
university dropout,Higher Education
university social work,Higher Education
university*,Higher Education
university-veterinarian,Higher Education
unknown,No/Other Qualification
unspecified,No/Other Qualification
various,No/Other Qualification
vocational,Professional/Vocational
vocational class,Professional/Vocational
vocational classes,Professional/Vocational
"vocational classes, High School Diploma",Professional/Vocational
"vocational classes, apprenticeship",Professional/Vocational
vocational high school,Professional/Vocational
vocational school,Professional/Vocational
vocational training,Professional/Vocational
work,No/Other Qualification
work training,Work-Based Learning
worker,No/Other Qualification
year 10,No/Other Qualification
year tutor (teacher),No/Other Qualification
